ParticipantID, DataType, MazeType, MazeNumber, AttemptNumber, Movement, Error, AudioType, AudioCue, AudioAnswer, Time, MazeLocation, Gender, VideoGame
3, D, Allo,5,1, Down,0, Ego,0, , 4/22/2020 2:58:29 AM, (1 : 1),,
3, D, Allo,5,1, Down,0, Ego,0, , 4/22/2020 2:58:31 AM, (5 : 1),,
3, D, Allo,5,1, Down,0, Ego,23, , 4/22/2020 2:58:32 AM, (13 : 1),,
3, D, Allo,5,1, Right,0, Ego,23, , 4/22/2020 2:58:33 AM, (13 : 3),,
3, D, Allo,5,1, NULL,1, Ego,23, y, 4/22/2020 2:58:40 AM, (13 : 3),,
3, T, Allo,5,1, Down,0, Ego,0, , 4/22/2020 2:59:37 AM, (13 : 10),,
3, T, Allo,5,1, Left,0, Ego,0, , 4/22/2020 2:59:38 AM, (13 : 5),,
3, T, Allo,5,1, Left,0, Ego,0, , 4/22/2020 2:59:39 AM, (13 : 3),,
3, T, Allo,5,2, Down,0, Ego,0, , 4/22/2020 2:59:43 AM, (11 : 9),,
3, T, Allo,5,2, Right,0, Ego,0, , 4/22/2020 2:59:43 AM, (11 : 10),,
3, T, Allo,5,2, Down,0, Ego,0, , 4/22/2020 2:59:44 AM, (13 : 10),,
3, T, Allo,5,2, Left,0, Ego,0, , 4/22/2020 2:59:45 AM, (13 : 5),,
3, T, Allo,5,2, Left,0, Ego,0, , 4/22/2020 2:59:45 AM, (13 : 3),,
3, D, Allo,1,1, Down,0, Ego,0, , 4/22/2020 2:59:49 AM, (1 : 3),,
3, D, Allo,1,1, Left,0, Ego,0, , 4/22/2020 2:59:50 AM, (1 : 1),,
3, D, Allo,1,1, Down,0, Ego,0, , 4/22/2020 2:59:51 AM, (5 : 1),,
3, D, Allo,1,1, Down,0, Ego,54, , 4/22/2020 2:59:52 AM, (11 : 1),,
3, D, Allo,1,1, Right,0, Ego,54, , 4/22/2020 2:59:54 AM, (11 : 7),,
3, D, Allo,1,1, Down,0, Ego,54, , 4/22/2020 2:59:55 AM, (13 : 7),,
3, D, Allo,1,1, NULL,0, Ego,54, y, 4/22/2020 3:00:02 AM, (13 : 7),,
3, T, Allo,1,1, Down,0, Ego,0, , 4/22/2020 3:00:40 AM, (11 : 1),,
3, T, Allo,1,1, Right,0, Ego,0, , 4/22/2020 3:00:41 AM, (11 : 7),,
3, T, Allo,1,1, Down,0, Ego,0, , 4/22/2020 3:00:42 AM, (13 : 7),,
3, T, Allo,1,2, Down,0, Ego,0, , 4/22/2020 3:00:46 AM, (11 : 1),,
3, T, Allo,1,2, Right,0, Ego,0, , 4/22/2020 3:00:48 AM, (11 : 7),,
3, T, Allo,1,2, Down,0, Ego,0, , 4/22/2020 3:00:48 AM, (13 : 7),,
3, D, Allo,2,1, Down,0, Ego,0, , 4/22/2020 3:00:52 AM, (1 : 1),,
3, D, Allo,2,1, Down,0, Ego,0, , 4/22/2020 3:00:54 AM, (5 : 1),,
3, D, Allo,2,1, Down,0, Ego,3, , 4/22/2020 3:00:54 AM, (7 : 1),,
3, D, Allo,2,1, Right,0, Ego,3, , 4/22/2020 3:00:55 AM, (7 : 5),,
3, D, Allo,2,1, Down,0, Ego,3, , 4/22/2020 3:00:56 AM, (8 : 5),,
3, D, Allo,2,1, Down,0, Ego,3, , 4/22/2020 3:00:57 AM, (11 : 5),,
3, D, Allo,2,1, Right,0, Ego,3, , 4/22/2020 3:00:57 AM, (11 : 7),,
3, D, Allo,2,1, Right,0, Ego,3, , 4/22/2020 3:00:59 AM, (11 : 9),,
3, D, Allo,2,1, Down,0, Ego,3, , 4/22/2020 3:00:59 AM, (13 : 9),,
3, D, Allo,2,1, NULL,0, Ego,3, y, 4/22/2020 3:01:04 AM, (13 : 9),,
3, T, Allo,2,1, Up,0, Ego,0, , 4/22/2020 3:01:10 AM, (8 : 7),,
3, T, Allo,2,1, Left,0, Ego,0, , 4/22/2020 3:01:10 AM, (8 : 5),,
3, T, Allo,2,1, Down,0, Ego,0, , 4/22/2020 3:01:11 AM, (11 : 5),,
3, T, Allo,2,1, Right,0, Ego,0, , 4/22/2020 3:01:12 AM, (11 : 7),,
3, T, Allo,2,1, Right,0, Ego,0, , 4/22/2020 3:01:13 AM, (11 : 9),,
3, T, Allo,2,2, Up,0, Ego,0, , 4/22/2020 3:01:16 AM, (8 : 7),,
3, T, Allo,2,2, Left,0, Ego,0, , 4/22/2020 3:01:16 AM, (8 : 5),,
3, T, Allo,2,2, Down,0, Ego,0, , 4/22/2020 3:01:17 AM, (11 : 5),,
3, T, Allo,2,2, Right,0, Ego,0, , 4/22/2020 3:01:18 AM, (11 : 7),,
3, T, Allo,2,2, Right,0, Ego,0, , 4/22/2020 3:01:18 AM, (11 : 9),,
3, D, Allo,4,1, Down,0, Ego,0, , 4/22/2020 3:01:22 AM, (1 : 5),,
3, D, Allo,4,1, Left,0, Ego,0, , 4/22/2020 3:01:23 AM, (1 : 1),,
3, D, Allo,4,1, Down,0, Ego,40, , 4/22/2020 3:01:24 AM, (5 : 1),,
3, D, Allo,4,1, Right,0, Ego,40, , 4/22/2020 3:01:24 AM, (5 : 2),,
3, D, Allo,4,1, Down,0, Ego,40, , 4/22/2020 3:01:24 AM, (7 : 2),,
3, D, Allo,4,1, Left,0, Ego,40, , 4/22/2020 3:01:25 AM, (7 : 1),,
3, D, Allo,4,1, Down,0, Ego,40, , 4/22/2020 3:01:26 AM, (13 : 1),,
3, D, Allo,4,1, Right,0, Ego,40, , 4/22/2020 3:01:27 AM, (13 : 3),,
3, D, Allo,4,1, Up,0, Ego,40, , 4/22/2020 3:01:27 AM, (11 : 3),,
3, D, Allo,4,1, Right,0, Ego,40, , 4/22/2020 3:01:28 AM, (11 : 5),,
3, D, Allo,4,1, Down,0, Ego,40, , 4/22/2020 3:01:28 AM, (13 : 5),,
3, D, Allo,4,1, NULL,0, Ego,40, n, 4/22/2020 3:01:33 AM, (13 : 5),,
3, T, Allo,4,1, Down,0, Ego,0, , 4/22/2020 3:02:21 AM, (13 : 1),,
3, T, Allo,4,1, Right,0, Ego,0, , 4/22/2020 3:02:22 AM, (13 : 3),,
3, T, Allo,4,1, Up,0, Ego,0, , 4/22/2020 3:02:22 AM, (11 : 3),,
3, T, Allo,4,1, Right,0, Ego,0, , 4/22/2020 3:02:23 AM, (11 : 5),,
3, T, Allo,4,1, Down,0, Ego,0, , 4/22/2020 3:02:24 AM, (13 : 5),,
3, T, Allo,4,2, Down,0, Ego,0, , 4/22/2020 3:02:28 AM, (13 : 1),,
3, T, Allo,4,2, Right,0, Ego,0, , 4/22/2020 3:02:29 AM, (13 : 3),,
3, T, Allo,4,2, Up,0, Ego,0, , 4/22/2020 3:02:29 AM, (11 : 3),,
3, T, Allo,4,2, Right,0, Ego,0, , 4/22/2020 3:02:30 AM, (11 : 5),,
3, T, Allo,4,2, Down,0, Ego,0, , 4/22/2020 3:02:30 AM, (13 : 5),,
3, D, Allo,3,1, Down,0, Ego,0, , 4/22/2020 3:02:33 AM, (1 : 11),,
3, D, Allo,3,1, Down,0, Ego,0, , 4/22/2020 3:02:34 AM, (5 : 11),,
3, D, Allo,3,1, Down,0, Ego,8, , 4/22/2020 3:02:36 AM, (7 : 11),,
3, D, Allo,3,1, Right,0, Ego,8, , 4/22/2020 3:02:36 AM, (7 : 13),,
3, D, Allo,3,1, Down,0, Ego,8, , 4/22/2020 3:02:37 AM, (9 : 13),,
3, D, Allo,3,1, Left,0, Ego,8, , 4/22/2020 3:02:38 AM, (9 : 8),,
3, D, Allo,3,1, Down,0, Ego,8, , 4/22/2020 3:02:39 AM, (11 : 8),,
3, D, Allo,3,1, Left,0, Ego,8, , 4/22/2020 3:02:39 AM, (11 : 7),,
3, D, Allo,3,1, Down,0, Ego,8, , 4/22/2020 3:02:40 AM, (13 : 7),,
3, D, Allo,3,1, Left,0, Ego,8, , 4/22/2020 3:02:41 AM, (13 : 5),,
3, D, Allo,3,1, NULL,1, Ego,8, y, 4/22/2020 3:02:46 AM, (13 : 5),,
3, T, Allo,3,1, Down,0, Ego,0, , 4/22/2020 3:02:50 AM, (11 : 8),,
3, T, Allo,3,1, Left,0, Ego,0, , 4/22/2020 3:02:50 AM, (11 : 7),,
3, T, Allo,3,1, Down,0, Ego,0, , 4/22/2020 3:02:51 AM, (13 : 7),,
3, T, Allo,3,1, Left,0, Ego,0, , 4/22/2020 3:02:52 AM, (13 : 5),,
3, T, Allo,3,2, Down,0, Ego,0, , 4/22/2020 3:03:13 AM, (11 : 8),,
3, T, Allo,3,2, Left,0, Ego,0, , 4/22/2020 3:03:13 AM, (11 : 7),,
3, T, Allo,3,2, Down,0, Ego,0, , 4/22/2020 3:03:14 AM, (13 : 7),,
3, T, Allo,3,2, Left,0, Ego,0, , 4/22/2020 3:03:15 AM, (13 : 5),,
3, D, Allo,6,1, Down,0, Allo,0, , 4/22/2020 3:03:20 AM, (1 : 7),,
3, D, Allo,6,1, Down,0, Allo,0, , 4/22/2020 3:03:21 AM, (3 : 7),,
3, D, Allo,6,1, Left,0, Allo,0, , 4/22/2020 3:03:22 AM, (3 : 5),,
3, D, Allo,6,1, Down,0, Allo,24, , 4/22/2020 3:03:22 AM, (5 : 5),,
3, D, Allo,6,1, Down,0, Allo,24, , 4/22/2020 3:03:23 AM, (7 : 5),,
3, D, Allo,6,1, Left,0, Allo,24, , 4/22/2020 3:03:24 AM, (7 : 3),,
3, D, Allo,6,1, Down,0, Allo,24, , 4/22/2020 3:03:24 AM, (9 : 3),,
3, D, Allo,6,1, Down,0, Allo,24, , 4/22/2020 3:03:25 AM, (11 : 3),,
3, D, Allo,6,1, Right,0, Allo,24, , 4/22/2020 3:03:26 AM, (11 : 5),,
3, D, Allo,6,1, Down,0, Allo,24, , 4/22/2020 3:03:26 AM, (13 : 5),,
3, D, Allo,6,1, Right,0, Allo,24, , 4/22/2020 3:03:27 AM, (13 : 7),,
3, D, Allo,6,1, NULL,1, Allo,24, y, 4/22/2020 3:03:31 AM, (13 : 7),,
3, T, Allo,6,1, Down,0, Allo,0, , 4/22/2020 3:03:49 AM, (9 : 3),,
3, T, Allo,6,1, Down,0, Allo,0, , 4/22/2020 3:03:49 AM, (11 : 3),,
3, T, Allo,6,1, Right,0, Allo,0, , 4/22/2020 3:03:50 AM, (11 : 5),,
3, T, Allo,6,1, Down,0, Allo,0, , 4/22/2020 3:03:50 AM, (13 : 5),,
3, T, Allo,6,1, Right,0, Allo,0, , 4/22/2020 3:03:51 AM, (13 : 7),,
3, T, Allo,6,2, Down,0, Allo,0, , 4/22/2020 3:03:54 AM, (9 : 3),,
3, T, Allo,6,2, Down,0, Allo,0, , 4/22/2020 3:03:54 AM, (11 : 3),,
3, T, Allo,6,2, Right,0, Allo,0, , 4/22/2020 3:03:55 AM, (11 : 5),,
3, T, Allo,6,2, Down,0, Allo,0, , 4/22/2020 3:03:55 AM, (13 : 5),,
3, T, Allo,6,2, Right,0, Allo,0, , 4/22/2020 3:03:56 AM, (13 : 7),,
3, D, Allo,9,1, Down,0, Allo,0, , 4/22/2020 3:03:58 AM, (1 : 1),,
3, D, Allo,9,1, Down,0, Allo,0, , 4/22/2020 3:03:59 AM, (3 : 1),,
3, D, Allo,9,1, Right,0, Allo,0, , 4/22/2020 3:04:00 AM, (3 : 3),,
3, D, Allo,9,1, Down,0, Allo,22, , 4/22/2020 3:04:00 AM, (5 : 3),,
3, D, Allo,9,1, Left,0, Allo,22, , 4/22/2020 3:04:01 AM, (5 : 1),,
3, D, Allo,9,1, Down,0, Allo,22, , 4/22/2020 3:04:01 AM, (7 : 1),,
3, D, Allo,9,1, Right,0, Allo,22, , 4/22/2020 3:04:02 AM, (7 : 3),,
3, D, Allo,9,1, Down,0, Allo,22, , 4/22/2020 3:04:03 AM, (11 : 3),,
3, D, Allo,9,1, Left,0, Allo,22, , 4/22/2020 3:04:03 AM, (11 : 1),,
3, D, Allo,9,1, Down,0, Allo,22, , 4/22/2020 3:04:04 AM, (13 : 1),,
3, D, Allo,9,1, Right,0, Allo,22, , 4/22/2020 3:04:05 AM, (13 : 5),,
3, D, Allo,9,1, Up,0, Allo,22, , 4/22/2020 3:04:05 AM, (11 : 5),,
3, D, Allo,9,1, Right,0, Allo,22, , 4/22/2020 3:04:06 AM, (11 : 7),,
3, D, Allo,9,1, Down,0, Allo,22, , 4/22/2020 3:04:06 AM, (13 : 7),,
3, D, Allo,9,1, NULL,0, Allo,22, n, 4/22/2020 3:04:08 AM, (13 : 7),,
3, T, Allo,9,1, Left,0, Allo,0, , 4/22/2020 3:06:22 AM, (9 : 9),,
3, T, Allo,9,1, Down,0, Allo,0, , 4/22/2020 3:06:24 AM, (11 : 9),,
3, T, Allo,9,1, Right,0, Allo,0, , 4/22/2020 3:06:25 AM, (11 : 11),,
3, T, Allo,9,1, Left,1, Allo,0, , 4/22/2020 3:06:25 AM, (11 : 9),,
3, T, Allo,9,1, Up,2, Allo,0, , 4/22/2020 3:06:26 AM, (9 : 9),,
3, T, Allo,9,1, Left,2, Allo,0, , 4/22/2020 3:06:26 AM, (9 : 7),,
3, T, Allo,9,1, Left,2, Allo,0, , 4/22/2020 3:06:27 AM, (9 : 5),,
3, T, Allo,9,1, Down,2, Allo,0, , 4/22/2020 3:06:28 AM, (11 : 5),,
3, T, Allo,9,1, Down,2, Allo,0, , 4/22/2020 3:06:28 AM, (13 : 5),,
3, T, Allo,9,1, Left,2, Allo,0, , 4/22/2020 3:06:29 AM, (13 : 1),,
3, T, Allo,9,1, Up,2, Allo,0, , 4/22/2020 3:06:30 AM, (11 : 1),,
3, T, Allo,9,1, Down,3, Allo,0, , 4/22/2020 3:06:31 AM, (13 : 1),,
3, T, Allo,9,1, Right,4, Allo,0, , 4/22/2020 3:06:32 AM, (13 : 5),,
3, T, Allo,9,1, Up,5, Allo,0, , 4/22/2020 3:06:32 AM, (11 : 5),,
3, T, Allo,9,1, Right,5, Allo,0, , 4/22/2020 3:06:33 AM, (11 : 7),,
3, T, Allo,9,1, Down,5, Allo,0, , 4/22/2020 3:06:34 AM, (13 : 7),,
3, T, Allo,9,2, Left,0, Allo,0, , 4/22/2020 3:06:37 AM, (7 : 11),,
3, T, Allo,9,2, Down,0, Allo,0, , 4/22/2020 3:06:37 AM, (9 : 11),,
3, T, Allo,9,2, Left,0, Allo,0, , 4/22/2020 3:06:38 AM, (9 : 9),,
3, T, Allo,9,2, Down,0, Allo,0, , 4/22/2020 3:06:39 AM, (11 : 9),,
3, T, Allo,9,2, Right,0, Allo,0, , 4/22/2020 3:06:40 AM, (11 : 11),,
3, T, Allo,9,2, Left,1, Allo,0, , 4/22/2020 3:06:40 AM, (11 : 9),,
3, T, Allo,9,2, Up,2, Allo,0, , 4/22/2020 3:06:41 AM, (9 : 9),,
3, T, Allo,9,2, Left,2, Allo,0, , 4/22/2020 3:06:41 AM, (9 : 7),,
3, T, Allo,9,2, Left,2, Allo,0, , 4/22/2020 3:06:42 AM, (9 : 5),,
3, T, Allo,9,2, Down,2, Allo,0, , 4/22/2020 3:06:43 AM, (11 : 5),,
3, T, Allo,9,2, Right,2, Allo,0, , 4/22/2020 3:06:43 AM, (11 : 7),,
3, T, Allo,9,2, Down,2, Allo,0, , 4/22/2020 3:06:44 AM, (13 : 7),,
3, D, Allo,7,1, Down,0, Allo,0, , 4/22/2020 3:07:07 AM, (1 : 5),,
3, D, Allo,7,1, Right,0, Allo,0, , 4/22/2020 3:07:08 AM, (1 : 7),,
3, D, Allo,7,1, Down,0, Allo,19, , 4/22/2020 3:07:09 AM, (3 : 7),,
3, D, Allo,7,1, Left,0, Allo,19, , 4/22/2020 3:07:09 AM, (3 : 5),,
3, D, Allo,7,1, Down,0, Allo,19, , 4/22/2020 3:07:10 AM, (5 : 5),,
3, D, Allo,7,1, Down,0, Allo,19, , 4/22/2020 3:07:10 AM, (7 : 5),,
3, D, Allo,7,1, Down,0, Allo,19, , 4/22/2020 3:07:11 AM, (9 : 5),,
3, D, Allo,7,1, Left,0, Allo,19, , 4/22/2020 3:07:12 AM, (9 : 3),,
3, D, Allo,7,1, Down,0, Allo,19, , 4/22/2020 3:07:12 AM, (11 : 3),,
3, D, Allo,7,1, Right,0, Allo,19, , 4/22/2020 3:07:13 AM, (11 : 7),,
3, D, Allo,7,1, Down,0, Allo,19, , 4/22/2020 3:07:14 AM, (13 : 7),,
3, D, Allo,7,1, NULL,0, Allo,19, n, 4/22/2020 3:07:17 AM, (13 : 7),,
3, T, Allo,7,1, Down,0, Allo,0, , 4/22/2020 3:07:21 AM, (11 : 3),,
3, T, Allo,7,1, Right,0, Allo,0, , 4/22/2020 3:07:22 AM, (11 : 7),,
3, T, Allo,7,1, Down,0, Allo,0, , 4/22/2020 3:07:23 AM, (13 : 7),,
3, T, Allo,7,2, Down,0, Allo,0, , 4/22/2020 3:07:26 AM, (11 : 3),,
3, T, Allo,7,2, Right,0, Allo,0, , 4/22/2020 3:07:27 AM, (11 : 7),,
3, T, Allo,7,2, Down,0, Allo,0, , 4/22/2020 3:07:27 AM, (13 : 7),,
3, D, Allo,8,1, Down,0, Allo,0, , 4/22/2020 3:07:30 AM, (1 : 1),,
3, D, Allo,8,1, Down,0, Allo,0, , 4/22/2020 3:07:33 AM, (5 : 1),,
3, D, Allo,8,1, Down,0, Allo,0, , 4/22/2020 3:07:34 AM, (9 : 1),,
3, D, Allo,8,1, Right,0, Allo,0, , 4/22/2020 3:07:34 AM, (9 : 3),,
3, D, Allo,8,1, Down,0, Allo,48, , 4/22/2020 3:07:35 AM, (11 : 3),,
3, D, Allo,8,1, Left,0, Allo,48, , 4/22/2020 3:07:35 AM, (11 : 1),,
3, D, Allo,8,1, Down,0, Allo,48, , 4/22/2020 3:07:36 AM, (13 : 1),,
3, D, Allo,8,1, Right,0, Allo,48, , 4/22/2020 3:07:37 AM, (13 : 5),,
3, D, Allo,8,1, Right,0, Allo,48, , 4/22/2020 3:07:38 AM, (13 : 7),,
3, D, Allo,8,1, NULL,0, Allo,48, y, 4/22/2020 3:07:43 AM, (13 : 7),,
3, T, Allo,8,1, Left,0, Allo,0, , 4/22/2020 3:07:49 AM, (5 : 11),,
3, T, Allo,8,1, Down,0, Allo,0, , 4/22/2020 3:07:49 AM, (7 : 11),,
3, T, Allo,8,1, Right,0, Allo,0, , 4/22/2020 3:07:50 AM, (7 : 13),,
3, T, Allo,8,1, Down,0, Allo,0, , 4/22/2020 3:07:50 AM, (10 : 13),,
3, T, Allo,8,1, Left,0, Allo,0, , 4/22/2020 3:07:51 AM, (10 : 11),,
3, T, Allo,8,1, Down,0, Allo,0, , 4/22/2020 3:07:52 AM, (13 : 11),,
3, T, Allo,8,1, Left,0, Allo,0, , 4/22/2020 3:07:52 AM, (13 : 9),,
3, T, Allo,8,1, Up,0, Allo,0, , 4/22/2020 3:07:53 AM, (11 : 9),,
3, T, Allo,8,1, Left,0, Allo,0, , 4/22/2020 3:07:53 AM, (11 : 7),,
3, T, Allo,8,1, Down,0, Allo,0, , 4/22/2020 3:07:54 AM, (13 : 7),,
3, T, Allo,8,2, Left,0, Allo,0, , 4/22/2020 3:07:57 AM, (5 : 11),,
3, T, Allo,8,2, Down,0, Allo,0, , 4/22/2020 3:07:58 AM, (7 : 11),,
3, T, Allo,8,2, Right,0, Allo,0, , 4/22/2020 3:07:59 AM, (7 : 13),,
3, T, Allo,8,2, Down,0, Allo,0, , 4/22/2020 3:07:59 AM, (10 : 13),,
3, T, Allo,8,2, Left,0, Allo,0, , 4/22/2020 3:08:00 AM, (10 : 11),,
3, T, Allo,8,2, Down,0, Allo,0, , 4/22/2020 3:08:01 AM, (13 : 11),,
3, T, Allo,8,2, Left,0, Allo,0, , 4/22/2020 3:08:01 AM, (13 : 9),,
3, T, Allo,8,2, Up,0, Allo,0, , 4/22/2020 3:08:02 AM, (11 : 9),,
3, T, Allo,8,2, Left,0, Allo,0, , 4/22/2020 3:08:02 AM, (11 : 7),,
3, T, Allo,8,2, Down,0, Allo,0, , 4/22/2020 3:08:03 AM, (13 : 7),,
3, D, Allo,10,1, Down,0, Allo,0, , 4/22/2020 3:08:06 AM, (1 : 3),,
3, D, Allo,10,1, Left,0, Allo,0, , 4/22/2020 3:08:07 AM, (1 : 1),,
3, D, Allo,10,1, Down,0, Allo,0, , 4/22/2020 3:08:07 AM, (3 : 1),,
3, D, Allo,10,1, Right,0, Allo,0, , 4/22/2020 3:08:08 AM, (3 : 3),,
3, D, Allo,10,1, Down,0, Allo,9, , 4/22/2020 3:08:08 AM, (5 : 3),,
3, D, Allo,10,1, Left,0, Allo,9, , 4/22/2020 3:08:09 AM, (5 : 1),,
3, D, Allo,10,1, Down,0, Allo,9, , 4/22/2020 3:08:09 AM, (9 : 1),,
3, D, Allo,10,1, Up,1, Allo,9, , 4/22/2020 3:08:11 AM, (5 : 1),,
3, D, Allo,10,1, Right,2, Allo,9, , 4/22/2020 3:08:12 AM, (5 : 3),,
3, D, Allo,10,1, Right,2, Allo,9, , 4/22/2020 3:08:13 AM, (5 : 7),,
3, D, Allo,10,1, Down,2, Allo,9, , 4/22/2020 3:08:13 AM, (7 : 7),,
3, D, Allo,10,1, Down,2, Allo,9, , 4/22/2020 3:08:14 AM, (9 : 7),,
3, D, Allo,10,1, Down,2, Allo,9, , 4/22/2020 3:08:15 AM, (11 : 7),,
3, D, Allo,10,1, Down,2, Allo,9, , 4/22/2020 3:08:16 AM, (13 : 7),,
3, D, Allo,10,1, Right,2, Allo,9, , 4/22/2020 3:08:17 AM, (13 : 9),,
3, D, Allo,10,1, NULL,2, Allo,9, n, 4/22/2020 3:08:17 AM, (13 : 9),,
3, T, Allo,10,1, Left,0, Allo,0, , 4/22/2020 3:08:34 AM, (6 : 11),,
3, T, Allo,10,1, Down,0, Allo,0, , 4/22/2020 3:08:35 AM, (7 : 11),,
3, T, Allo,10,1, Up,1, Allo,0, , 4/22/2020 3:08:36 AM, (6 : 11),,
3, T, Allo,10,1, Up,1, Allo,0, , 4/22/2020 3:08:37 AM, (3 : 11),,
3, T, Allo,10,1, Left,1, Allo,0, , 4/22/2020 3:08:37 AM, (3 : 9),,
3, T, Allo,10,1, Down,1, Allo,0, , 4/22/2020 3:08:38 AM, (5 : 9),,
3, T, Allo,10,1, Down,1, Allo,0, , 4/22/2020 3:08:39 AM, (9 : 9),,
3, T, Allo,10,1, Left,1, Allo,0, , 4/22/2020 3:08:40 AM, (9 : 7),,
3, T, Allo,10,1, Down,1, Allo,0, , 4/22/2020 3:08:40 AM, (11 : 7),,
3, T, Allo,10,1, Down,1, Allo,0, , 4/22/2020 3:08:41 AM, (13 : 7),,
3, T, Allo,10,1, Right,1, Allo,0, , 4/22/2020 3:08:42 AM, (13 : 9),,
3, T, Allo,10,2, Left,0, Allo,0, , 4/22/2020 3:08:45 AM, (6 : 11),,
3, T, Allo,10,2, Down,0, Allo,0, , 4/22/2020 3:08:45 AM, (7 : 11),,
3, T, Allo,10,2, Up,1, Allo,0, , 4/22/2020 3:08:46 AM, (6 : 11),,
3, T, Allo,10,2, Up,1, Allo,0, , 4/22/2020 3:08:46 AM, (3 : 11),,
3, T, Allo,10,2, Left,1, Allo,0, , 4/22/2020 3:08:47 AM, (3 : 9),,
3, T, Allo,10,2, Down,1, Allo,0, , 4/22/2020 3:08:48 AM, (5 : 9),,
3, T, Allo,10,2, Left,1, Allo,0, , 4/22/2020 3:08:48 AM, (5 : 7),,
3, T, Allo,10,2, Down,1, Allo,0, , 4/22/2020 3:08:49 AM, (7 : 7),,
3, T, Allo,10,2, Down,1, Allo,0, , 4/22/2020 3:08:50 AM, (9 : 7),,
3, T, Allo,10,2, Down,1, Allo,0, , 4/22/2020 3:08:50 AM, (11 : 7),,
3, T, Allo,10,2, Down,1, Allo,0, , 4/22/2020 3:08:51 AM, (13 : 7),,
3, T, Allo,10,2, Right,1, Allo,0, , 4/22/2020 3:08:52 AM, (13 : 9),,
3, D, Allo,13,1, Down,0, ,0, , 4/22/2020 3:09:17 AM, (1 : 7),,
3, D, Allo,13,1, Right,0, ,0, , 4/22/2020 3:09:18 AM, (1 : 9),,
3, D, Allo,13,1, Down,0, ,0, , 4/22/2020 3:09:19 AM, (3 : 9),,
3, D, Allo,13,1, Right,0, ,0, , 4/22/2020 3:09:19 AM, (3 : 11),,
3, D, Allo,13,1, Down,0, ,0, , 4/22/2020 3:09:20 AM, (5 : 11),,
3, D, Allo,13,1, Right,0, ,0, , 4/22/2020 3:09:20 AM, (5 : 13),,
3, D, Allo,13,1, Down,0, ,0, , 4/22/2020 3:09:21 AM, (7 : 13),,
3, D, Allo,13,1, Down,0, ,0, , 4/22/2020 3:09:22 AM, (9 : 13),,
3, D, Allo,13,1, Left,0, ,0, , 4/22/2020 3:09:22 AM, (9 : 11),,
3, D, Allo,13,1, Down,0, ,0, , 4/22/2020 3:09:23 AM, (10 : 11),,
3, D, Allo,13,1, Left,0, ,0, , 4/22/2020 3:09:23 AM, (10 : 9),,
3, D, Allo,13,1, Down,0, ,0, , 4/22/2020 3:09:24 AM, (11 : 9),,
3, D, Allo,13,1, Left,0, ,0, , 4/22/2020 3:09:25 AM, (11 : 5),,
3, D, Allo,13,1, Down,0, ,0, , 4/22/2020 3:09:25 AM, (13 : 5),,
3, D, Allo,13,1, Left,0, ,0, , 4/22/2020 3:09:27 AM, (13 : 3),,
3, D, Allo,13,1, Left,0, ,0, , 4/22/2020 3:09:27 AM, (13 : 1),,
3, D, Allo,13,1, Right,1, ,0, , 4/22/2020 3:09:28 AM, (13 : 3),,
3, D, Allo,13,1, Right,2, ,0, , 4/22/2020 3:09:28 AM, (13 : 5),,
3, D, Allo,13,1, Right,2, ,0, , 4/22/2020 3:09:29 AM, (13 : 8),,
3, T, Allo,13,1, Down,0, ,0, , 4/22/2020 3:09:46 AM, (9 : 13),,
3, T, Allo,13,1, Left,0, ,0, , 4/22/2020 3:09:46 AM, (9 : 11),,
3, T, Allo,13,1, Down,0, ,0, , 4/22/2020 3:09:47 AM, (10 : 11),,
3, T, Allo,13,1, Left,0, ,0, , 4/22/2020 3:09:47 AM, (10 : 9),,
3, T, Allo,13,1, Down,0, ,0, , 4/22/2020 3:09:48 AM, (11 : 9),,
3, T, Allo,13,1, Left,0, ,0, , 4/22/2020 3:09:49 AM, (11 : 5),,
3, T, Allo,13,1, Down,0, ,0, , 4/22/2020 3:09:49 AM, (13 : 5),,
3, T, Allo,13,1, Left,0, ,0, , 4/22/2020 3:09:50 AM, (13 : 3),,
3, T, Allo,13,1, Left,0, ,0, , 4/22/2020 3:09:51 AM, (13 : 1),,
3, T, Allo,13,1, Right,1, ,0, , 4/22/2020 3:09:52 AM, (13 : 3),,
3, T, Allo,13,1, Right,2, ,0, , 4/22/2020 3:09:52 AM, (13 : 5),,
3, T, Allo,13,1, Right,2, ,0, , 4/22/2020 3:09:53 AM, (13 : 8),,
3, T, Allo,13,2, Down,0, ,0, , 4/22/2020 3:09:56 AM, (9 : 13),,
3, T, Allo,13,2, Left,0, ,0, , 4/22/2020 3:09:57 AM, (9 : 11),,
3, T, Allo,13,2, Down,0, ,0, , 4/22/2020 3:09:57 AM, (10 : 11),,
3, T, Allo,13,2, Left,0, ,0, , 4/22/2020 3:09:58 AM, (10 : 9),,
3, T, Allo,13,2, Down,0, ,0, , 4/22/2020 3:09:59 AM, (11 : 9),,
3, T, Allo,13,2, Left,0, ,0, , 4/22/2020 3:10:00 AM, (11 : 5),,
3, T, Allo,13,2, Down,0, ,0, , 4/22/2020 3:10:01 AM, (13 : 5),,
3, T, Allo,13,2, Right,0, ,0, , 4/22/2020 3:10:01 AM, (13 : 8),,
3, D, Allo,11,1, Down,0, ,0, , 4/22/2020 3:10:04 AM, (1 : 1),,
3, D, Allo,11,1, Down,0, ,0, , 4/22/2020 3:10:06 AM, (7 : 1),,
3, D, Allo,11,1, Down,0, ,0, , 4/22/2020 3:10:06 AM, (9 : 1),,
3, D, Allo,11,1, Down,0, ,0, , 4/22/2020 3:10:07 AM, (11 : 1),,
3, D, Allo,11,1, Down,0, ,0, , 4/22/2020 3:10:08 AM, (13 : 1),,
3, D, Allo,11,1, Up,1, ,0, , 4/22/2020 3:10:09 AM, (11 : 1),,
3, D, Allo,11,1, Right,1, ,0, , 4/22/2020 3:10:09 AM, (11 : 3),,
3, D, Allo,11,1, Down,1, ,0, , 4/22/2020 3:10:10 AM, (13 : 3),,
3, D, Allo,11,1, Right,1, ,0, , 4/22/2020 3:10:10 AM, (13 : 5),,
3, D, Allo,11,1, Right,1, ,0, , 4/22/2020 3:10:11 AM, (13 : 7),,
3, T, Allo,11,1, Down,0, ,0, , 4/22/2020 3:10:14 AM, (9 : 5),,
3, T, Allo,11,1, Down,0, ,0, , 4/22/2020 3:10:15 AM, (13 : 5),,
3, T, Allo,11,1, Left,0, ,0, , 4/22/2020 3:10:16 AM, (13 : 3),,
3, T, Allo,11,1, Right,1, ,0, , 4/22/2020 3:10:17 AM, (13 : 5),,
3, T, Allo,11,1, Right,1, ,0, , 4/22/2020 3:10:17 AM, (13 : 7),,
3, T, Allo,11,2, Down,0, ,0, , 4/22/2020 3:10:20 AM, (9 : 5),,
3, T, Allo,11,2, Down,0, ,0, , 4/22/2020 3:10:21 AM, (13 : 5),,
3, T, Allo,11,2, Right,0, ,0, , 4/22/2020 3:10:22 AM, (13 : 7),,
3, D, Allo,12,1, Down,0, ,0, , 4/22/2020 3:10:25 AM, (1 : 9),,
3, D, Allo,12,1, Left,0, ,0, , 4/22/2020 3:10:26 AM, (1 : 5),,
3, D, Allo,12,1, Down,0, ,0, , 4/22/2020 3:10:27 AM, (3 : 5),,
3, D, Allo,12,1, Down,0, ,0, , 4/22/2020 3:10:27 AM, (5 : 5),,
3, D, Allo,12,1, Down,0, ,0, , 4/22/2020 3:10:28 AM, (9 : 5),,
3, D, Allo,12,1, Down,0, ,0, , 4/22/2020 3:10:29 AM, (11 : 5),,
3, D, Allo,12,1, Right,0, ,0, , 4/22/2020 3:10:30 AM, (11 : 9),,
3, D, Allo,12,1, Down,0, ,0, , 4/22/2020 3:10:31 AM, (13 : 9),,
3, T, Allo,12,1, Down,0, ,0, , 4/22/2020 3:10:34 AM, (5 : 11),,
3, T, Allo,12,1, Left,0, ,0, , 4/22/2020 3:10:35 AM, (5 : 9),,
3, T, Allo,12,1, Down,0, ,0, , 4/22/2020 3:10:35 AM, (7 : 9),,
3, T, Allo,12,1, Right,0, ,0, , 4/22/2020 3:10:37 AM, (7 : 13),,
3, T, Allo,12,1, Down,0, ,0, , 4/22/2020 3:10:38 AM, (11 : 13),,
3, T, Allo,12,1, Left,0, ,0, , 4/22/2020 3:10:39 AM, (11 : 11),,
3, T, Allo,12,1, Down,0, ,0, , 4/22/2020 3:10:39 AM, (13 : 11),,
3, T, Allo,12,1, Left,0, ,0, , 4/22/2020 3:10:40 AM, (13 : 9),,
3, T, Allo,12,2, Down,0, ,0, , 4/22/2020 3:10:43 AM, (5 : 11),,
3, T, Allo,12,2, Left,0, ,0, , 4/22/2020 3:10:43 AM, (5 : 9),,
3, T, Allo,12,2, Down,0, ,0, , 4/22/2020 3:10:44 AM, (7 : 9),,
3, T, Allo,12,2, Right,0, ,0, , 4/22/2020 3:10:45 AM, (7 : 13),,
3, T, Allo,12,2, Down,0, ,0, , 4/22/2020 3:10:46 AM, (11 : 13),,
3, T, Allo,12,2, Left,0, ,0, , 4/22/2020 3:10:46 AM, (11 : 11),,
3, T, Allo,12,2, Down,0, ,0, , 4/22/2020 3:10:47 AM, (13 : 11),,
3, T, Allo,12,2, Left,0, ,0, , 4/22/2020 3:10:47 AM, (13 : 9),,
3, D, Allo,15,1, Down,0, ,0, , 4/22/2020 3:10:51 AM, (1 : 13),,
3, D, Allo,15,1, Down,0, ,0, , 4/22/2020 3:10:53 AM, (5 : 13),,
3, D, Allo,15,1, Left,0, ,0, , 4/22/2020 3:10:54 AM, (5 : 9),,
3, D, Allo,15,1, Left,0, ,0, , 4/22/2020 3:10:54 AM, (5 : 7),,
3, D, Allo,15,1, Down,0, ,0, , 4/22/2020 3:10:55 AM, (7 : 7),,
3, D, Allo,15,1, Down,0, ,0, , 4/22/2020 3:10:57 AM, (11 : 7),,
3, D, Allo,15,1, Left,0, ,0, , 4/22/2020 3:10:58 AM, (11 : 3),,
3, D, Allo,15,1, Down,0, ,0, , 4/22/2020 3:10:59 AM, (13 : 3),,
3, D, Allo,15,1, Right,0, ,0, , 4/22/2020 3:11:00 AM, (13 : 5),,
3, T, Allo,15,1, Down,0, ,0, , 4/22/2020 3:11:04 AM, (9 : 13),,
3, T, Allo,15,1, Left,0, ,0, , 4/22/2020 3:11:05 AM, (9 : 9),,
3, T, Allo,15,1, Down,0, ,0, , 4/22/2020 3:11:06 AM, (13 : 9),,
3, T, Allo,15,1, Left,0, ,0, , 4/22/2020 3:11:07 AM, (13 : 5),,
3, T, Allo,15,2, Down,0, ,0, , 4/22/2020 3:11:09 AM, (9 : 13),,
3, T, Allo,15,2, Left,0, ,0, , 4/22/2020 3:11:10 AM, (9 : 9),,
3, T, Allo,15,2, Down,0, ,0, , 4/22/2020 3:11:11 AM, (13 : 9),,
3, T, Allo,15,2, Left,0, ,0, , 4/22/2020 3:11:12 AM, (13 : 5),,
3, D, Allo,14,1, Down,0, ,0, , 4/22/2020 3:11:43 AM, (1 : 11),,
3, D, Allo,14,1, Left,0, ,0, , 4/22/2020 3:11:44 AM, (1 : 9),,
3, D, Allo,14,1, Down,0, ,0, , 4/22/2020 3:11:45 AM, (5 : 9),,
3, D, Allo,14,1, Left,0, ,0, , 4/22/2020 3:11:45 AM, (5 : 8),,
3, D, Allo,14,1, Down,0, ,0, , 4/22/2020 3:11:45 AM, (7 : 8),,
3, D, Allo,14,1, Right,0, ,0, , 4/22/2020 3:11:46 AM, (7 : 9),,
3, D, Allo,14,1, Down,0, ,0, , 4/22/2020 3:11:47 AM, (11 : 9),,
3, D, Allo,14,1, Right,0, ,0, , 4/22/2020 3:11:47 AM, (11 : 11),,
3, D, Allo,14,1, Down,0, ,0, , 4/22/2020 3:11:48 AM, (13 : 11),,
3, D, Allo,14,1, Left,0, ,0, , 4/22/2020 3:11:49 AM, (13 : 7),,
3, D, Allo,14,1, Left,0, ,0, , 4/22/2020 3:11:50 AM, (13 : 5),,
3, T, Allo,14,1, Down,0, ,0, , 4/22/2020 3:11:54 AM, (9 : 3),,
3, T, Allo,14,1, Right,0, ,0, , 4/22/2020 3:11:55 AM, (9 : 7),,
3, T, Allo,14,1, Down,0, ,0, , 4/22/2020 3:11:56 AM, (13 : 7),,
3, T, Allo,14,1, Left,0, ,0, , 4/22/2020 3:11:57 AM, (13 : 5),,
3, T, Allo,14,2, Down,0, ,0, , 4/22/2020 3:11:59 AM, (9 : 3),,
3, T, Allo,14,2, Right,0, ,0, , 4/22/2020 3:12:00 AM, (9 : 7),,
3, T, Allo,14,2, Down,0, ,0, , 4/22/2020 3:12:01 AM, (13 : 7),,
3, T, Allo,14,2, Left,0, ,0, , 4/22/2020 3:12:02 AM, (13 : 5),,
3, S, Allo,14,2, Left,0, ,0, , 4/22/2020 3:12:02 AM, (13 : 5), Male,20
